Aaliyah,"Aaliyah Dana HaughtonJanuary 16, 1979Brooklyn, New York, U.S.",R. Kelly(m. 1994; ann. 1995)
Paula Abdul,"Paula Julie AbdulJune 19, 1962 (age 56)San Fernando, California, U.S.",Emilio Estevez(m. 1992; div. 1994) Brad Beckerman(m. 1996; div. 1998)
Amy Adams,"Amy Lou AdamsAugust 20, 1974 (age 44)Vicenza, Italy",Darren Le Gallo (m. 2015)
Pearl Aday,1975 (age 42–43),Scott Ian
Titilayo Adedokun,"Titilayo Rachel Adedokun1973 (age 44–45)Nashville, Tennessee, U.S.",Ruediger Helm
Dianna Agron,"Dianna Elise AgronApril 30, 1986 (age 32)Savannah, Georgia, U.S.",Winston Marshall (m. 2016)
Christina Aguilera,"Christina María AguileraDecember 18, 1980 (age 38)New York City, New York, U.S.",Jordan Bartman(m. 2005; div. 2011)
Tatyana Ali,"Tatyana Marisol AliJanuary 24, 1979 (age 39)North Bellmore, New York, U.S.",Vaughn Rasberry (m. 2016)
Keith Andes,"John Charles AndesJuly 12, 1920Ocean City, New Jersey, U.S.",Jean Alice Cotton (m. 1946–1961) (divorced) 2 childrenShelah Hackett (divorced)
Angelyne,"Ronia Tamar GoldbergOctober 2, 1950 (age 68)Polish People's Republic",Michael Strauss(m. 1968; div. 1969)
Brandy Aniston,"October 19, 1984 (age 34)[1]Huntington Beach, California, U.S.[2]",Craig Sharkey
Ann-Margret,"Ann-Margret OlssonApril 28, 1941 (age 77)Valsjöbyn, Sweden",Roger Smith(m. 1967; died 2017)
Lucie Arnaz,"Lucie Désirée ArnazJuly 17, 1951 (age 67)Los Angeles, California, U.S.",Phil Vandervort(m. 1971; div. 1977)Laurence Luckinbill (m. 1980)
Tichina Arnold,"Tichina Rolanda ArnoldJune 28, 1969 (age 49)Queens, New York, U.S.",Lamon Brewster(m. 1991; div. 1995) DaRico Hines(m. 2012; div. 2016)
Frankie Avalon,"Francis Thomas AvalloneSeptember 18, 1940 (age 78)[1]Philadelphia, Pennsylvania, U.S.",Kathryn Diebel (m. 1963)
Penn Badgley,"Penn Dayton BadgleyNovember 1, 1986 (age 32)Baltimore, Maryland, U.S.",Domino Kirke (m. 2017)
Jane Badler,"December 31, 1953 (age 64)Brooklyn, New York City, U.S.",Stephen Hains[1]
Adrienne Bailon,"Adrienne Eliza BailonOctober 24, 1983 (age 35)Manhattan, New York, U.S.",Israel Houghton (m. 2016)
Troy Baker,"April 1, 1976 (age 42)Dallas, Texas, U.S.[1]",Kimberly Beck(m. 2004; div. 2006)Pamela Walworth (m. 2012)
Kate Baldwin,"Katherine BaldwinMay 2, 1975 (age 43)Evanston, Illinois, U.S.",Graham Rowat (Oct. 2005–present)
Eric Balfour,"Eric Salter BalfourApril 24, 1977 (age 41)Los Angeles, California, U.S.",Erin Chiamulon (m. 2015)
Mark Ballas,"Mark Alexander Ballas Jr.[1]May 24, 1986 (age 32)Houston, Texas, United States",BC Jean (m. 2016)
Lisa Barbuscia,"Lisa BarbusciaJune 18, 1971 (age 47)Brooklyn, New York, United States",Anton Bilton
Lance Bass,"James Lance Bass[1]May 4, 1979 (age 39)Laurel, Mississippi, U.S.",Michael Turchin (m. 2014)
Josh Beech,"Joshua Beech26 December 1985 (age 32)Biggin Hill, London, England",Shenae Grimes (m. 2013)
Pat Benatar,"Patricia Mae AndrzejewskiJanuary 10, 1953 (age 65)Greenpoint, Brooklyn, New York, U.S.",Dennis Benatar(m. 1972; div. 1979)Neil Giraldo (m. 1982)
Tony Bennett,"Anthony Dominick BenedettoAugust 3, 1926 (age 92)New York City, New York, U.S.",Patricia Beech(m. 1952; div. 1971) Sandra Grant(m. 1971; div. 2007)[1] Susan Crow (m. 2007)
Chester Bennington,"Chester Charles BenningtonMarch 20, 1976Phoenix, Arizona, U.S.",Samantha Olit(m. 1996; div. 2005) Talinda Bentley (m. 2006)
Melissa Benoist,"Melissa Marie BenoistOctober 4, 1988 (age 30)Houston, Texas, U.S.[1]",Blake Jenner (m. 2013 or 2015;[a] div. 2017)
Jodi Benson,"Jodi Marie MarzoratiOctober 10, 1961 (age 57)Rockford, Illinois, U.S.",Ray Benson (m. 1984)
Rosa Blasi,"December 19, 1972 (age 46)Chicago, Illinois, U.S.",Jim Finn(m. 2004; div. 2008)Todd William Harris (m. 2014)
Corbin Bleu,"Corbin Bleu ReiversFebruary 21, 1989 (age 29)Brooklyn, New York, U.S.",Sasha Clements (m. 2016)
Jon Bon Jovi,"John Francis Bongiovi Jr.March 2, 1962 (age 56)Perth Amboy, New Jersey, U.S.",Dorothea Hurley (m. 1989)
Alex Borstein,"Alexandrea BorsteinFebruary 15, 1971 (age 47)Highland Park, Illinois, U.S.",Jackson Douglas(m. 1999; div. 2014)
Kate Bosworth,"Catherine Ann BosworthJanuary 2, 1983 (age 35)Los Angeles, California, U.S.",Michael Polish (m. 2013)
Caroline Bowman,"May 10, 1988Howard County, Maryland",Austin Colby (m. 2017)
Michelle Branch,"Michelle Jacquet DeSevren BranchJuly 2, 1983 (age 35)Sedona, Arizona, U.S.[1]",Teddy Landau(m. 2004; div. 2015)
Duncan Brannan,"Duncan Ray BrannanJune 25, 1970 (age 48)Fort Worth, Texas, U.S.",Ralana Brannan (m. 1993)
Tamar Braxton,"Tamar Estine BraxtonMarch 17, 1977 (age 41)Severn, Maryland, U.S.[1]",Darrell Allamby(m. 2001; div. 2003)[2] Vincent Herbert(m. 2008; sep. 2017)
Toni Braxton,"Toni Michelle BraxtonOctober 7, 1967 (age 51)Severn, Maryland, U.S.",Keri Lewis(m. 2001; div. 2013)
Paget Brewster,"Paget Valerie BrewsterMarch 10, 1969 (age 49)Concord, Massachusetts, United States[citation needed]",Steve Damstra (m. 2014)
Kate Bristol,"May 1, 1990 (age 28)",Winston Nget (m. 2016)
Ned Brower,"Edward Andrew BrowerDecember 15, 1978 (age 40)Chapel Hill, North Carolina, United States",Sarah Jane Morris
Bobby Brown,"Robert Barisford BrownFebruary 5, 1969 (age 49)Boston, Massachusetts, U.S.",Whitney Houston(m. 1992; div. 2007)Alicia Etheredge-Brown (m. 2012)
James Brown,"James Joseph Brown Jr.May 3, 1933Barnwell, South Carolina, U.S.",Tomi Rae Hynie (m. 2001)Adrienne Rodriguez(m. 1984; died 1996)Deidre Jenkins(m. 1970; div. 1981)Velma Warren(m. 1953; div. 1969)
BT,"October 4, 1971 (age 47)Rockville, Maryland, U.S.",Lacy Transeau (m. 2014)
Benjamin Burnley,"Benjamin Jackson Burnley IVMarch 10, 1978 (age 40)Atlantic City, New Jersey, United States",Rhiannon Burnley (née Napier)
Wendy Calio,"August 7, 1977 (age 41)Wahiawa, Hawaii, U.S.",Jeremy Gilbert (m. 2008)
Cardi B,"Belcalis Marlenis AlmánzarOctober 11, 1992 (age 26)New York City, New York, U.S.","Offset (m. 2017, sep. 2018)"
Mariah Carey,"March 27, 1969 or 1970 (age 48–49)Huntington, New York, U.S.",Tommy Mottola(m. 1993; div. 1998) Nick Cannon(m. 2008; div. 2016)
Vanessa Carlton,"Vanessa Lee CarltonAugust 16, 1980 (age 38)Milford, Pennsylvania, U.S.",John McCauley (m. 2013)
Chris Carmack,"James Christopher CarmackDecember 22, 1980 (age 38)Washington, D.C., United States",Erin Slaver (m. 2018)
Tia Carrere,"Althea Rae JanairoJanuary 2, 1967 (age 51)Honolulu, Hawaii, U.S.",Elie Samaha(m. 1992; div. 2000)Simon Wakelin(m. 2002; div. 2010)
Leslie Carter,"Leslie Barbara CarterJune 6, 1986Tampa, Florida, U.S.",Mike Ashton (m. 2008–2012)
Nick Carter,"Nickolas Gene CarterJanuary 28, 1980 (age 38)Jamestown, New York, U.S.",Lauren Kitt (m. 2014)
Julian Casablancas,"Julian Fernando CasablancasAugust 23, 1978 (age 40)New York City, New York, U.S.",Juliet Joslin (m. 2005)
Johnny Cash,"J.R. CashFebruary 26, 1932Kingsland, Arkansas, U.S.",Vivian Liberto(m. 1954; div. 1966)June Carter(m. 1968; died 2003)
David Cassidy,"David Bruce CassidyApril 12, 1950Manhattan, New York City, U.S.",Kay Lenz(m. 1977; div. 1983)Meryl Tanz(m. 1984; div. 1985)Sue Shifrin(m. 1991; div. 2016)
Lacey Chabert,"Lacey Nicole ChabertSeptember 30, 1982 (age 36)Purvis, Mississippi, U.S.",David Nehdar (m. 2013)
Kate Morgan Chadwick,"Kate Morgan ChadwickSan Diego, California, United States, North America",Clayton Apgar
Flora Chan,30 May 1970 (age 48)Hong Kong,Wai-ming Chung (m. 1994–2001)Mike Chung (m. 2006–present)
Carol Channing,"Carol Elaine ChanningJanuary 31, 1921 (age 97)Seattle, Washington, U.S.",Theodore Naidish(m. 1941; div. 1944)Alexander Carson(m. 1953; div. 1956)Charles Lowe(m. 1956; died 1999)Harry Kullijian(m. 2003; died 2011)
Cher,"Cherilyn SarkisianMay 20, 1946 (age 72)El Centro, California, U.S.",Sonny Bono(m. 1969; div. 1975) Gregg Allman(m. 1975; div. 1979)
John Cho,"Cho Yo HanJune 16, 1972 (age 46)Seoul, South Korea",Kerri Higuchi (m. 2006)
Ciara,"Ciara Princess HarrisOctober 25, 1985 (age 33)Austin, Texas, U.S.",Russell Wilson (m. 2016)
Keyshia Cole,"October 15, 1981 (age 37)[1]Oakland, California, U.S.",Daniel Gibson (m. 2011–2017)
Natalie Cole,"Natalie Maria ColeFebruary 6, 1950Los Angeles, California, U.S.",Marvin Yancy(m. 1976; div. 1980)Andre Fischer(m. 1989; div. 1995)Kenneth Dupree(m. 2001; div. 2004)
Rachel Coleman,"Rachel de AzevedoOctober 9, 1974 (age 44)Van Nuys, California",Aaron Coleman
Harry Connick Jr.,"Joseph Harry Fowler Connick Jr.September 11, 1967 (age 51)New Orleans, Louisiana, U.S.",Jill Goodacre (m. 1994)
Danny Cooksey,"Daniel Ray Allen Cooksey Jr.November 2, 1975 (age 43)Moore, Oklahoma, U.S.",Amber Leigh (m. 1998)
Bradley Cooper,"Bradley Charles CooperJanuary 5, 1975 (age 43)Philadelphia, Pennsylvania, U.S.",Jennifer Esposito(m. 2006; div. 2007)
Billy Corgan,"William Patrick Corgan Jr.March 17, 1967 (age 51)Chicago, Illinois, U.S.",Chris Fabian(m. 1993; div. 1997)
Chris Cornell,"Christopher John BoyleJuly 20, 1964Seattle, Washington, U.S.",Susan Silver(m. 1990; div. 2004)Vicky Karayiannis (m. 2004)
Tiny Harris,"Tameka Dianne CottleJuly 14, 1975 (age 43)College Park, Georgia, U.S.",T.I. (m. 2010)
Jerome Courtland,"December 27, 1926Knoxville, Tennessee, U.S.","Polly Bergen (1950-1955) (divorced)Janet Rose Gumprecht (1955-?) (divorced), 5 childrenMarlene Juttner (1984-2012) (his death)"
Shireen Crutchfield,"Shireen Elaine CrutchfieldDecember 29, 1970 (age 47)Cambridge, Massachusetts, U.S.",Davis Henry (m. 2001; div. 2005)
Jim Cummings,"James Jonah CummingsNovember 3, 1952 (age 66)Youngstown, Ohio, U.S.",Stephanie Cummings (m. 2001)
Carmen Cusack,"April 25Denver, Colorado",Paul Telfer
Billy Ray Cyrus,"William Ray CyrusAugust 25, 1961 (age 57)Flatwoods, Kentucky, U.S.",Cindy Smith(m. 1986; div. 1991)Leticia Jean Finley (m. 1993)
Miley Cyrus,"Destiny Hope CyrusNovember 23, 1992 (age 26)Franklin, Tennessee, U.S.",Liam Hemsworth (m. 2018)
E. G. Daily,"Elizabeth Ann GuttmanSeptember 11, 1961 (age 57)Los Angeles, California, U.S.",Rick Salomon(m. 1995; div. 2000)
Sarah E. Daniels,"Sarah E. DanielsAugust 1, 1989 (age 29)Orlando, Florida, U.S.",Skye Scott
Clifton Davis,"Clifton Duncan DavisOctober 4, 1945 (age 73)Chicago, Illinois, U.S.",Ann Taylor (m. 1981–1991)Monica Durant (m. 2000)
Doris Day,"Doris Mary Kappelhoff[1]April 3, 1922 (age 96)Cincinnati, Ohio, U.S.",Al Jorden(m. 1941; div. 1943)George Weidler(m. 1946; div. 1949)Martin Melcher(m. 1951; died 1968)Barry Comden(m. 1976; div. 1981)
Skyler Day,"Skyler Elizabeth DayAugust 2, 1991 (age 27)Cumming, Georgia, U.S.",Ian Nelson (m. 2017)
Luann de Lesseps,"Luann NadeauMay 17, 1965 (age 53)",Alexandre de Lesseps(m. 1993; div. 2009) Thomas D’ Agostino Jr.(m. 2016; div. 2017)
Etterlene DeBarge,"Etterlene Louise AbneyOctober 13, 1935 (age 83)Royal Oak, Michigan, U.S.","Robert DeBarge, Sr.(m. 1953; div. 1974)George Rodriguez (m. 1980)"
James DeBarge,"James Curtis DeBargeAugust 22, 1963 (age 55)Detroit, Michigan, U.S.",Janet Jackson(m. 1984; ann. 1985)
Thomas Dekker,"Thomas Alexander DekkerDecember 28, 1987 (age 30)Las Vegas, Nevada, U.S.",Jesse Haddock (m. 2017)
Kathleen Delaney,"Kathleen DelaneyMarch 5, 1965 (age 53)Darien, Connecticut, United States",Matthew Scott Guthrie (1996-present)[1]
Majandra Delfino,"Maria Alejandra DelfinoFebruary 20, 1981 (age 37)Caracas, Venezuela",Devon Gummersall(m. 2007; div. 2008)David Walton (m. 2011)
Grey DeLisle,"Erin Grey Van OosbreeAugust 24, 1973 (age 45)Fort Ord, California, U.S.",Christopher DeLisle(m. 1992; div. 1993) Murry Hammond(m. 2002; div. 2010) Jared Griffin (m. 2012)
Nikki DeLoach,"Ashlee Nicole DeLoachSeptember 9, 1979 (age 39)Waycross, Georgia, U.S.",Ryan Goodell (m. 2009)
Tom DeLonge,"Thomas Matthew Delonge Jr.December 13, 1975 (age 43)Poway, California, U.S.",Jennifer Jenkins (m. 2001)
Jude Demorest,"Claire Jude DemorestMarch 11, 1992 (age 26)Detroit, Michigan, U.S.",Ammo (m. 2016)
Zooey Deschanel,"Zooey Claire DeschanelJanuary 17, 1980 (age 38)Los Angeles, California, U.S.",Ben Gibbard(m. 2009; div. 2012)Jacob Pechenik (m. 2015)
Karla DeVito,"August 29, 1953 (age 65)Mokena, Illinois",Robby Benson (m. 1982)
Raquel Diaz,"October 14, 1990 (age 28)[1]El Paso, Texas, United States[2]",Aiden English (m. 2016)[4]
Leah Dizon,"Leah Donna DizonSeptember 24, 1986 (age 32)Las Vegas, Nevada, U.S.",Bun(m. 2008; div. 2010)
Snoop Dogg,"Calvin Cordozar Broadus Jr.October 20, 1971 (age 47)Long Beach, California, U.S.",Shante Taylor(m. 1997; div. 2004)(m. 2008)
Suzzanne Douglas,"April 12, 1957 (age 61)Chicago, Illinois, U.S.",Roy J. Cobb (m. 1989)[1]
Ryan Drummond,"January 10, 1973 (age 45)Lima, Ohio, U.S.",Lisa Drummond (m. 2002)
Hilary Duff,"Hilary Erhard DuffSeptember 28, 1987 (age 31)Houston, Texas, U.S.",Mike Comrie(m. 2010; div. 2016)
Bob Dylan,"Robert Allen ZimmermanMay 24, 1941 (age 77)Duluth, Minnesota, U.S.",Sara Dylan(m. 1965; div. 1977)Carolyn Dennis(m. 1986; div. 1992)
Linda Eder,"February 3, 1961 (age 57)Tucson, Arizona, U.S.",Frank Wildhorn (1998-2004)
Gideon Emery,"12 September 1972 (age 46)Windsor, England, U.K.",Autumn Withers (2014–present)
Faith Evans,"Faith Renée EvansJune 10, 1973 (age 45)Lakeland, Florida, U.S.",The Notorious B.I.G.(m. 1994; died 1997)Todd Russaw(m. 1998; div. 2011)Stevie J (m. 2018)
Mary Faber,"Mary Benton FaberAugust 8, 1979 (age 39)Greenville, North Carolina, United States",Gabe Witcher (m. 2013)
"""FanFan"" Fan Wei-chi","18 March 1976 (age 42)Columbus, Ohio, United States",Blackie Chen (m. 2011)
Evan Farmer,"Evan Ragland Farmer, Jr.July 28, 1972 (age 46)Asmara, Eritrea, Ethiopia","Andrea Smith(October 22, 2006 – present)"
Fergie,"Stacy Ann FergusonMarch 27, 1975 (age 43)Hacienda Heights, California, or Whittier, California, United States (sources differ)",Josh Duhamel(m. 2009; separated 2017)
Stephen Fincher,"February 7, 1973 (age 45)Memphis, Tennessee, U.S.",Lynn Fincher
Dan Finnerty,"January 22, 1970 (age 48)Rochester, New York, U.S.",Kathy Najimy (m. 1998)
Schuyler Fisk,"Schuyler Elizabeth FiskJuly 8, 1982 (age 36)Los Angeles, California, U.S.",Chapman Bullock (m. 2012)
Renée Fleming,"Renée Lynn FlemingFebruary 14, 1959 (age 59)Indiana, Pennsylvania, U.S.",Rick Ross(m. 1989; div. 2000)Tim Jessell (m. 2011)
Luis Fonsi,"Luis Alfonso Rodríguez López-CeperoApril 15, 1978 (age 40)San Juan, Puerto Rico, U.S.",Águeda López (m. 2014)Adamari López(m. 2006; div. 2010)
Aretha Franklin,"Aretha Louise FranklinMarch 25, 1942Memphis, Tennessee, U.S.",Ted White(m. 1961; div. 1969)Glynn Turman(m. 1978; div. 1984)
Josh Gad,"Joshua Ilan GadFebruary 23, 1981 (age 37)Hollywood, Florida, U.S.",Ida Darvish (m. 2008)
Mayte Garcia,"Mayte Jannell GarciaNovember 12, 1973 (age 45)Fort Rucker, Alabama, U.S.",Prince(m. 1996; div. 2000)
Justin Gaston,"Justin Michael GastonAugust 12, 1988 (age 30)Pineville, Louisiana, U.S.",Melissa Ordway (m. 2012)
Kathie Lee Gifford,"Kathryn Lee EpsteinAugust 16, 1953 (age 65)Paris, France",Paul Johnson(m. 1976; div. 1983)Frank Gifford(m. 1986; died 2015)
Chad Gilbert,"Chad Everett GilbertMarch 9, 1981 (age 37)",Sherri DuPree(m. 2007; div. 2007)Hayley Williams(m. 2016; sep. 2017)
Carmine Giovinazzo,"August 24, 1973 (age 45)Staten Island, New York, United States",Vanessa Marcil(m. 2010; div. 2013)
Melissa Gorga,"Melissa Ann MarcoMarch 21, 1979 (age 39)","Giuseppe ""Joseph"" Gorga (m. 2004)"
Laura Jane Grace,"Thomas James GabelNovember 8, 1980 (age 38)Fort Benning, Georgia U.S.",Tiffany Danielle Kay(m. 2000; div. 2004)Heather Hannoura(m. 2007; div. 2013)
Clare Grant,"Clare Camille JohnsonAugust 23, 1979 (age 39)Memphis, Tennessee, U.S.",Seth Green (m. 2010)
Amanda Green,"December 29, 1963 (age 54)New York City, U.S.",Jeffrey Kaplan
Bryan Greenberg,"Bryan E. GreenbergMay 24, 1978 (age 40)Omaha, Nebraska, U.S.",Jamie Chung (m. 2015)
Ellen Greene,"February 22, 1951 (age 67)Brooklyn, New York, U.S.",Tibor Hardik(m. 1990; div. 1997)Christian Klikovits(m. 2003; div. 2007)
Lee Greenwood,"Melvin Lee GreenwoodOctober 27, 1942 (age 76)South Gate, California, US",Kimberly Payne (m. 1993)
Scott Grimes,"Scott Richard GrimesJuly 9, 1971 (age 47)Lowell, Massachusetts, U.S.",Dawn Bailey(m. 1997; div. 2007)
Jasmine Guy,"March 10, 1962 (age 56)[1]Boston, Massachusetts, U.S.",Terrence Duckett(m. 1998; div. 2008)
Malynda Hale,"August 21, 1986 (age 32)Santa Barbara, California, US",John Volk (m. 2011)
Ellis Hall,"Ellis Hall Jr.May 10, 1951Savannah, GA, U.S.",Susan Hancock(m. 1973; div. 1983)Ruth Ann Capone(m. 1987; div. 1992)Karen Murphy(m. 1994; death 2007)Leighala Jimenez (m. 2013)
Jillian Hall,"September 6, 1980 (age 38)[3]Ashland, Kentucky, United States[3]",Mike Farole(m. 2010; div. 2012)
Ashley Hamilton,"Ashley George HamiltonSeptember 30, 1974 (age 44)Los Angeles, California, U.S.",Shannen Doherty(m. 1993; div. 1994)Angie Everhart(m. 1996; div. 1997)
Kevin Hammond,"Kevin Richard HammondFebruary 7, 1985 (age 33)Kenosha, Wisconsin, United States",Jazmyn Engelhardt (m. 2011)
Chase Hampton,"Chasen Cord HamptonJanuary 12, 1975 (age 43)Oklahoma City, Oklahoma, U.S.",Lisa Cinelli (2012-present)
Jeff Hardy,"Jeffrey Nero HardyAugust 31, 1977 (age 41)[1]Cameron, North Carolina, U.S.[2]",Beth Britt (m. 2011)
Katie Harman,"Katie Marie HarmanAugust 18, 1980 (age 38)Portland, Oregon, U.S.",Tim Ebner (m. 2003)
Crystal Harris,"Crystal HarrisApril 29, 1986 (age 32)Lake Havasu City, Arizona, U.S.",Hugh Hefner(m. 2012; died 2017)
Neil Patrick Harris,"June 15, 1973 (age 45)Albuquerque, New Mexico, U.S.",David Burtka (m. 2014)
Sam Harris,"Samuel Kent HarrisJune 4, 1961 (age 57)Sand Springs, Oklahoma, United States",Danny Jacobsen (m. 2008)
Melissa Joan Hart,"April 18, 1976 (age 42)Smithtown, New York, U.S.",Mark Wilkerson (m. 2003)
Anne Hathaway,"Anne Jacqueline HathawayNovember 12, 1982 (age 36)New York City, U.S.",Adam Shulman (m. 2012)
Sean Hayes,"Sean Patrick HayesJune 26, 1970 (age 48)Chicago, Illinois, U.S.[1]",Scott Icenogle (m. 2014)
Christy Hemme,"October 28, 1980 (age 38)[1]Poway, California, United States[1]",Charley Patterson (m. 2010)
Jennifer Love Hewitt,"February 21, 1979 (age 39)Waco, Texas, United States",Brian Hallisay (m. 2013)
Taral Hicks,"September 21, 1974 (age 44)The Bronx, New York, U.S.",Loren Dawson (m. 2001)
Faith Hill,"Audrey Faith PerrySeptember 21, 1967 (age 51)Ridgeland, Mississippi, U.S.",Daniel Hill(m. 1988; div. 1994)Tim McGraw (m. 1996)
Peter Ho,"September 13, 1975 (age 43)Los Angeles, California, United States",Peggy Lin (m. 2016)
Hoku,"Hoku Christian HoJune 10, 1981 (age 37)Oahu, Hawaii, United States",Jeremy Clements (m. 1999)
Mark Hoppus,"Mark Allan HoppusMarch 15, 1972 (age 46)Ridgecrest, California, U.S.",Skye Everly (m. 2000)
Julianne Hough,"Julianne Alexandra HoughJuly 20, 1988 (age 30)Orem, Utah, U.S.",Brooks Laich (m. 2017)
Cissy Houston,"Emily DrinkardSeptember 30, 1933 (age 85)[1][2]Newark, New Jersey, U.S.",Freddie Garland (m. 1955-1957) John Houston Jr. (m. 1959-1990)
Whitney Houston,"Whitney Elizabeth HoustonAugust 9, 1963Newark, New Jersey, U.S.",Bobby Brown(m. 1992; div. 2007)
Miki Howard,"Alicia Michelle HowardSeptember 30, 1960 (age 58)Chicago, Illinois, U.S.",Eddie Phelps(m. 1989; div. 1996)
Howie Dorough,"Howard Dwaine DoroughAugust 22, 1973 (age 45)Orlando, Florida, U.S.",Leigh Boniello (m. 2007)
Autumn Hurlbert,"Autumn Marie HurlbertGreat Falls, Montana",Tim Norman (2011–present)
Ice Cube,"O'Shea JacksonJune 15, 1969 (age 49)Los Angeles, California, U.S.",Kimberly Woodruff (m. 1992)
James Monroe Iglehart,"September 4, 1974 (age 44)Hayward, California",Dawn Iglehart (m. 2002)[2]
Jackie Jackson,"Sigmund Esco JacksonMay 4, 1951 (age 67)Gary, Indiana, U.S.",Enid Adren(m. 1974; div. 1987)[1]Victoria Triggs(m. 2001; div. 2007)Emily Besselink (m. 2012)
Janet Jackson,"Janet Damita Jo JacksonMay 16, 1966 (age 52)Gary, Indiana, U.S.",James DeBarge(m. 1984; ann. 1985)René Elizondo Jr.(m. 1991; div. 2000)Wissam Al Mana(m. 2012; sep. 2017)
Jermaine Jackson,"Jermaine La Jaune JacksonDecember 11, 1954 (age 64)Gary, Indiana, U.S.",Hazel Gordy(m. 1973; div. 1988)Alejandra Oaziaza(m. 1995; div. 2003)Halima Rashid(m. 2004; div. 2016)
La Toya Jackson,"La Toya Yvone JacksonMay 29, 1956 (age 62)Gary, Indiana, U.S.",Jack Gordon(m. 1989; div. 1997)[1][2]
Marlon Jackson,"Marlon David JacksonMarch 12, 1957 (age 61)Gary, Indiana, U.S.",Carol Parker (m. 1975)
Michael Jackson,"Michael Joseph Jackson[1][2]August 29, 1958Gary, Indiana, U.S.",Lisa Marie Presley(m. 1994; div. 1996)Debbie Rowe(m. 1996; div. 1999)
Randy Jackson,"Steven Randall JacksonOctober 29, 1961 (age 57)Gary, Indiana, U.S.",Eliza Shaffy(m. 1989; div. 1992)[1]
Rebbie Jackson,"Maureen Reillette JacksonMay 29, 1950 (age 68)Gary, Indiana, U.S.",Nathaniel Brown(m. 1968; died 2013)[1]
Tito Jackson,"Toriano Adaryll JacksonOctober 15, 1953 (age 65)Gary, Indiana, U.S.",Delores Martes(m. 1972; div. 1988)
Bryton James,"Bryton Eric McClureAugust 17, 1986 (age 32)[1]Lakewood, California, U.S.[1]",Ashley Leisinger(m. 2011; div. 2014)
Mickie James,"August 31, 1979 (age 39)Richmond, Virginia, United States",Nick Aldis (m. 2015)
Erika Girardi,"Erika Nay ChahoyJuly 10, 1971 (age 47)Atlanta, Georgia, U.S.",Thomas Zizzo  Thomas Girardi (m. 1999)
Blake Jenner,"Blake Alexander JennerAugust 27, 1992 (age 26)Miami, Florida, U.S.",Melissa Benoist (m. 2013 or 2015;[a] div. 2017)
Mason Jennings,"March 19, 1975 (age 43)Honolulu, Hawaii",Amy Turany(m. 2002; div. 2018)Josie Jennings (m. 2018)
Chris Jericho,"November 9, 1970 (age 48)Manhasset, New York, United States",Jessica Lockhart (m. 2000)
Jewel,"Jewel KilcherMay 23, 1974 (age 44)Payson, Utah, U.S.",Ty Murray(m. 2008; div. 2014)
Amy Jo Johnson,"October 6, 1970 (age 48)Hyannis, Massachusetts, U.S.",Olivier Giner (m. 2009)
Brian Johnson,"Brian Mark JohnsonMarch 17, 1978 (age 40)[1]Redding, California, U.S.",Jenn Johnson (m. 2000)
Jack Johnson,"Jack Hody JohnsonMay 18, 1975 (age 43)North Shore, Oahu, Hawaii, U.S.",Kim Johnson (m. 2000)
Kevin Jonas,"Paul Kevin Jonas IINovember 5, 1987 (age 31)Teaneck, New Jersey, U.S",Danielle Deleasa (m. 2009)
Nick Jonas,"Nicholas Jerry JonasSeptember 16, 1992 (age 26)Dallas, Texas, U.S.",Priyanka Chopra (m. 2018)
Shirley Jones,"Shirley Mae JonesMarch 31, 1934 (age 84)Charleroi, Pennsylvania, U.S.",Jack Cassidy(m. 1956; div. 1974)Marty Ingels(m. 1977; died 2015)
Jeremy Jordan,"Jeremy Michael JordanNovember 20, 1984 (age 34)Corpus Christi, Texas, U.S.",Ashley Spencer (m. 2012)
Milla Jovovich,"Milica Bogdanovna JovovichDecember 17, 1975 (age 43)Kiev, Ukrainian SSR, Soviet Union",Shawn Andrews(m. 1992; annulled 1992)Luc Besson(m. 1997; div. 1999)Paul W. S. Anderson (m. 2009)
Maria Kanellis,"February 25, 1982 (age 36)[1]Ottawa, Illinois,United States[2][3]",Mike Kanellis (m. 2014)
Tamar Kaprelian,"Tamar MardirossianOctober 28, 1986 (age 32)Scottsdale, Arizona, U.S.",Chris Stang (m. 2016)
Lainie Kazan,"Lainie LevineMay 15, 1940 (age 78)Brooklyn, New York, U.S.",Peter H.B. Daniels (m. 1971; d. 1989)
Josh Keaton,"Joshua Luis WienerFebruary 8, 1979 (age 39)Hacienda Heights, California, U.S.",Elizabeth Melendez
Lauren Kennedy,"September 3, 1973 (age 45)[1]Raleigh, North Carolina, U.S.",Alan Campbell(m. 1999; div. 2013)Charlie Brady (m. 2016)
Kerri Kenney-Silver,"Kerri KenneyJanuary 20, 1970 (age 48)Westport, Connecticut, U.S.",Steven V. Silver (m. 2004)
Alicia Keys,"Alicia Augello CookJanuary 25, 1981 (age 37)New York City, U.S.",Swizz Beatz (m. 2010)
Rachna Khatau,"29 January 1981 (age 37)London, England, U.K.",Matt Black (m. 2012)
Yunjin Kim,"Kim Yun-JinNovember 7, 1973 (age 45)Seoul, South Korea",Jeong Park (m. 2010)
Candice King,"Candice Rene AccolaMay 13, 1987 (age 31)Houston, Texas, U.S.",Joe King (m. 2014)
Carole King,"Carol Joan Klein[1]February 9, 1942 (age 76)Manhattan, New York City, New York, U.S.",Gerry Goffin(m. 1959; div. 1968)Charles Larkey(m. 1970; div. 1976)Rick Evers(m. 1977; died 1978)Rick Sorenson(m. 1982; div. 1989)
Eartha Kitt,"Eartha Mae KeithJanuary 17, 1927North, South Carolina, U.S.",John W. McDonald(m. 1960; div. 1965)
Heidi Klum,"1 June 1973 (age 45)Bergisch Gladbach, Rheinisch-Bergischer Kreis, Cologne Bonn Region, North Rhine-Westphalia, West Germany",Ric Pipino(m. 1997; div. 2002)Seal(m. 2005; div. 2014)
Solange,"Solange Piaget KnowlesJune 24, 1986 (age 32)[1]Houston, Texas, U.S.",Daniel Smith(m. 2004; div. 2007)Alan Ferguson (m. 2014)
Jana Kramer,"Jana Rae KramerDecember 2, 1983 (age 35)Rochester Hills, Michigan, U.S.",Michael Gambino(m. 2004; div. 2004)Johnathon Schaech(m. 2010; div. 2011)Mike Caussin (m. 2015)
Nick Lachey,"Nicholas Scott LacheyNovember 9, 1973 (age 45)Harlan, Kentucky, U.S.",Jessica Simpson(m. 2002; div. 2006)Vanessa Minnillo (m. 2011)
Tim Lambesis,"Timothy Peter LambesisNovember 21, 1980 (age 38)",Meggan Lambesis (m. 2004–2012)Amanda Dubord (m. 2017)
Lana,"Catherine Joy PerryMarch 24, 1985 (age 33)Gainesville, Florida,United States",Rusev (m. 2016)
DameAngela LansburyDBE,"Angela Brigid LansburyOctober 16, 1925 (age 93)Regent's Park, London, England[1]",Richard Cromwell(m. 1945; div. 1946)Peter Shaw(m. 1949; died 2003)
Anika Larsen,"December 19, 1973 (age 45)",Freddie Maxwell (m. 2015)
Etty Lau Farrell,"Etty LauDecember 10, 1974 (age 44)Hong Kong",Perry Farrell (m. 2002)
Cyndi Lauper,"Cynthia Ann Stephanie LauperJune 22, 1953 (age 65)New York City, U.S.",David Thornton (m. 1991)
Joey Lawrence,"Joseph Lawrence Mignogna Jr.April 20, 1976 (age 42)Philadelphia, Pennsylvania, U.S.",Michelle Vella(m. 2002; div. 2005)Chandie Yawn-Nelson (m. 2005)
Adam Lazzara,"Adam Burbank LazzaraSeptember 22, 1981 (age 37)Sheffield, Alabama, U.S.",Misha Vaagen (m. 2008)
Amy Lee,"Amy Lynn LeeDecember 13, 1981 (age 37)Riverside, California, U.S.",Josh Hartzler (m. 2007)
Mela Lee,None,Dan Antunovich (m. 2017)
Nicky Lee,"November 26, 1980 (age 38)Los Angeles, California, U.S.",Akane Sōma (m. 2014)
John Legend,"John Roger StephensDecember 28, 1978 (age 39)Springfield, Ohio, U.S.",Chrissy Teigen (m. 2013)
Chyler Leigh,"Chyler Leigh PottsApril 10, 1982 (age 36)Charlotte, North Carolina, U.S.",Nathan West (m. 2002)
Janet Leigh,"Jeanette Helen MorrisonJuly 6, 1927Merced, California, U.S.",John Carlisle(m. 1942; annulled 1942) Stanley Reames(m. 1945; div. 1949) Tony Curtis(m. 1951; div. 1962) Robert Brandt (m. 1962)
Zachary Levi,"Zachary Levi PughSeptember 29, 1980 (age 38)Lake Charles, Louisiana, U.S.",Missy Peregrym(m. 2014; div. 2015)
Adam Levine,"Adam Noah LevineMarch 18, 1979 (age 39)Los Angeles, California, U.S.",Behati Prinsloo (m. 2014)
Juliette Lewis,"June 21, 1973 (age 45)Los Angeles, California, U.S.",Steve Berra(m. 1999; div. 2003)
Lil Wayne,"Dwayne Michael Carter Jr.September 27, 1982 (age 36)New Orleans, Louisiana, U.S.",Toya Johnson(m. 2004; div. 2006)
Zoe Lister-Jones,"September 1, 1982 (age 36)Brooklyn, New York City, New York, U.S.",Daryl Wein (m. 2013)
Brian Littrell,"Brian Thomas LittrellFebruary 20, 1975 (age 43)Lexington, Kentucky, U.S.",Leighanne Wallace (m. 2000)
Nikko London,"Londell SmithAugust 14, 1975 (age 43)Brooklyn, New York, U.S.",Margeaux Simms (m. 2007)[1]
Jennifer Lopez,"Jennifer Lynn LopezJuly 24, 1969 (age 49)New York City, New York, U.S.",Ojani Noa(m. 1997; div. 1998) Cris Judd(m. 2001; div. 2003) Marc Anthony(m. 2004; div. 2014)
Traci Lords,"Nora Louise KuzmaMay 7, 1968 (age 50)Steubenville, Ohio, U.S.",Brook Yeaton(m. 1990; div. 1995) Ryan Granger(m. 1999; div. 2000) Jeff Gruenewald (m. 2002)
Nick Loren,"Nick LorenDecember 14, 1970 (age 48)San Diego, CA, U.S.",Denise Loren (m. 2000) 3 children
Courtney Love,"Courtney Michelle HarrisonJuly 9, 1964 (age 54)San Francisco, California, U.S.",James Moreland(m. 1989; annulled 1989)Kurt Cobain(m. 1992; his death 1994)
John Patrick Lowrie,"June 28, 1952 (age 66)Honolulu, Hawaii, United States",Ellen McLain (m. 1986)
Olivia Lufkin,"December 9, 1979 (age 39)[1]Naha, Okinawa Prefecture, Japan",Owen Vallis (m. 2012)
Lorna Luft,"November 21, 1952 (age 66)Santa Monica, California, U.S.",Jake Hooker(m. 1977; div. 1993)Colin Freeman (m. 1996)
Rebecca Luker,"April 17, 1961 (age 57)Helena, Alabama, U.S.",Danny Burstein (m. 2000)
Diane Macedo,"Diane Reis MacedoFebruary 28, 1982 (age 36)Mineola, New York, U.S.",Thomas Morgan (m. 2013)
Rachael MacFarlane,"Rachael Ann MacFarlaneMarch 21, 1976 (age 42)Kent, Connecticut, U.S.",Spencer Laudiero (m. 2008)
Shirley MacLaine,"Shirley MacLean BeatyApril 24, 1934 (age 84)Richmond, Virginia, U.S.",Steve Parker(m. 1954; div. 1982)
Madonna,"Madonna Louise CicconeAugust 16, 1958 (age 60)Bay City, Michigan, U.S.",Sean Penn(m. 1985; div. 1989) Guy Ritchie(m. 2000; div. 2008)
Beth Malone,"Elizabeth Ann MaloneJanuary 2, 1969 (age 49)Auburn, Nebraska, U.S.",Rochelle Schoppert
Barbara Mandrell,"Barbara Ann MandrellDecember 25, 1948 (age 70)Houston, Texas, U.S.",Ken Dudney (m. 1967)
David Mann Sr.,"David Anthony MannAugust 7, 1966 (age 52)Fort Worth, Texas, USA",Tamela Mann (m. 1988)
Tamela Mann,"Tamela Jean JohnsonJune 9, 1966 (age 52)Fort Worth, Texas, U.S.",David Mann Sr. (m. 1988)
Margeaux,"Margo Elaine SimmsAugust 3, 1985 (age 33)Toronto, Ontario, Canada",Nikko London (m. 2007)
James Marsden,"James Paul MarsdenSeptember 18, 1973 (age 45)Stillwater, Oklahoma, U.S.",Lisa Linde(m. 2000; div. 2011)
Vanessa Marshall,"October 19, 1969 (age 49)New York City, New York, U.S.",Andrew Kishino (m. 2001–2007)
Meaghan Martin,"Meaghan Jette MartinFebruary 17, 1992 (age 26)Fallon, Nevada, U.S.",Oli Higginson (m. 2016)
Ricky Martin,"Enrique Martín MoralesDecember 24, 1971 (age 47)San Juan, Puerto Rico",Jwan Yosef (m. 2017)
Jayma Mays,"Jamia Suzette MaysJuly 16, 1979 (age 39)Bristol, Tennessee, U.S.",Adam Campbell (m. 2007)
Meredith McCoy,"Meredith Rae ThompsonAugust 11, 1980 (age 38)Fort Worth, Texas, U.S.",Michael Mauldin (2005 - present)
Reba McEntire,"Reba Nell McEntireMarch 28, 1955 (age 63)McAlester, Oklahoma, U.S.",Charlie Battles(m. 1976; div. 1987)Narvel Blackstock(m. 1989; div. 2015)
Mary Elizabeth McGlynn,None,Daran Norris(m. 1988; div. 2012)
Ellen McLain,"December 1, 1952 (age 66)Nashville, Tennessee, U.S.",John Patrick Lowrie (m. 1986)
A.J. McLean,"Alexander James McLeanJanuary 9, 1978 (age 40)West Palm Beach, Florida, U.S.",Rochelle Karidis (m. 2011)
Julie McNiven,"Julie Elizabeth McNivenOctober 11, 1980 (age 38)Amherst, Massachusetts, U.S.",Michael Blackman Beck (m. 2010)
Leighton Meester,"Leighton Marissa MeesterApril 9, 1986 (age 32)Fort Worth, Texas, U.S.",Adam Brody (m. 2014)
Joelma,"Joelma da Silva MendesJune 22, 1974 (age 44)Almeirim, Pará, Brazil",Ximbinha(m. 1999; div. 2015)
Idina Menzel,"Idina Kim MentzelMay 30, 1971 (age 47)Queens, New York, U.S.",Taye Diggs(m. 2003; div. 2014)Aaron Lohr (m. 2017)
Aly Michalka,"Alyson Renae MichalkaMarch 25, 1989 (age 29)Torrance, California, U.S.",Stephen Ringer (m. 2015)
Bette Midler,"December 1, 1945 (age 73)Honolulu, Territory of Hawaii",Martin von Haselberg (m. 1984)
Miguel,"Miguel Jontel PimentelOctober 23, 1985 (age 33)[1]San Pedro, Los Angeles, U.S.[2]",Nazanin Mandi (m. 2018)
Alyssa Milano,"Alyssa Jayne MilanoDecember 19, 1972 (age 46)Brooklyn, New York, U.S.",Cinjun Tate(m. 1999; div. 2000)David Bugliari (m. 2009)
Christina Milian,"Christine FloresSeptember 26, 1981 (age 37)Jersey City, New Jersey, U.S.",The-Dream(m. 2009; div. 2011)
Lesley Miller,"Lesley MillerApril 18, 1943 (age 75)Baltimore, Maryland, US",Alan Lorber(m. 1966; div. 1972)
Stephanie Mills,"Stephanie Dorthea MillsMarch 22, 1957 (age 61)[1]Brooklyn, New York, U.S.",Jeffrey Daniel(m. 1980; div. 1983)[2][3][4]Dino Meminger(m. 1989; div. 1991)[5][6]Michael Saunders(m. 1993; div. 2001)[7][8]
Liza Minnelli,"Liza May MinnelliMarch 12, 1946 (age 72)Hollywood, California, United States",Peter Allen(m. 1967; div. 1974)Jack Haley Jr.(m. 1974; div. 1979)Mark Gero(m. 1979; div. 1992)David Gest(m. 2002; div. 2007)
Miss Fame,"Kurtis Dam-MikkelsenMarch 30, 1985 (age 33)[citation needed]Templeton, California, United States",Patrick Berschy
Beverley Mitchell,"Beverley Ann MitchellJanuary 22, 1981 (age 37)Arcadia, California, U.S.",Michael Cameron (m. 2008)
Lil' Mo,"Cynthia Karen Loving[1]November 19, 1978 (age 40)[2]Long Island, New York, U.S.",Al Stone(m. 2001; div. 2007)Philip Bryant(m. 2008; div. 2014)Karl Dargan (m. 2014)
Melissa Molinaro,"Melissa Ann SmithJune 4, 1982 (age 36)Whitby, Ontario, Canada",Bryan Kowalski (m. 2016)
Monica,"Monica Denise ArnoldOctober 24, 1980 (age 38)[1]Atlanta, Georgia, U.S.",Shannon Brown (m. 2010)
Heidi Pratt,"Heidi Blair MontagSeptember 15, 1986 (age 32)Crested Butte, Colorado, U.S.",Spencer Pratt (m. 2008)
Anthony Montgomery,"Anthony Dwayne MontgomeryJune 2, 1971 (age 47)Indianapolis, Indiana, U.S.","Adrienne Montgomery, m.2007; div.????"
Chanté Moore,"Chanté Torrane MooreFebruary 17, 1967 (age 51)San Francisco, California, U.S.",Kadeem Hardison(m. 1997–2000; divorced)Kenny Lattimore(m. 2002-2011; divorced)
Mandy Moore,"Amanda Leigh MooreApril 10, 1984 (age 34)Nashua, New Hampshire, U.S.",Ryan Adams(m. 2009; div. 2016)Taylor Goldsmith (m. 2018)
Melba Moore,"Beatrice Melba Hill[1]October 29, 1945 (age 73)New York City, New York, U.S.",Charles Huggins (m. 1975–1991)
Alanis Morissette,"Alanis Nadine MorissetteJune 1, 1974 (age 44)Ottawa, Ontario, Canada",Mario Treadway (m. 2010)
Heather Morris,"Heather Elizabeth MorrisFebruary 1, 1987 (age 31)Ventura County, California, U.S.",Taylor Hubbell (m. 2015)
Mark Mothersbaugh,"Mark Allen MothersbaughMay 18, 1950 (age 68)Akron, Ohio, U.S.",Nancye Ferguson (m.; divorced) Anita Greenspan (m.)
Jason Mraz,"Jason Thomas MrazJune 23, 1977 (age 41)Mechanicsville, Virginia, U.S.",Christina Carano (m. 2015)
Marcus Mumford,"Marcus Oliver Johnstone MumfordJanuary 31, 1987 (age 31)Yorba Linda, California, U.S.",Carey Mulligan (m. 2012)
Patrice Munsel,"Patrice Beverly MunsilMay 14, 1925Spokane, Washington, U.S.",Robert Schuler(m. 1952; died 2007)
Patti Murin,"September 28, 1980 (age 38)Hopewell Junction, New York",Colin Donnell (m. 2015)
Kacey Musgraves,"Kacey Lee MusgravesAugust 21, 1988 (age 30)Golden, Texas, U.S.",Ruston Kelly (m. 2017)
Jim Nabors,"James Thurston NaborsJune 12, 1930Sylacauga, Alabama, U.S.",Stan Cadwallader (m. 2013)
Naked Cowboy,"Robert John BurckDecember 23, 1971 (age 47)Cincinnati, Ohio, U.S.","Patricia Cruz Burck, The Naked Cowgirl"
Anthony Neely,"May 20, 1986 (age 32)Millbrae, California, U.S.",Vivi Lee (m. 2010)
Tyka Nelson,"Tyka Evene NelsonMay 18, 1960 (age 58)Minneapolis, Minnesota, United States",Maurice Phillips
Emily Neves,"Emily Marie NevesConroe, Texas, U.S.",Andrew Love(m. 2011; div. 2014)[2][3]
Phyllis Newman,"March 19, 1933 (age 85)Jersey City, New Jersey, U.S.",Adolph Green(m. 1960; died 2002)
Joanna Newsom,"Joanna Caroline NewsomJanuary 18, 1982 (age 36)Nevada City, California, U.S.",Andy Samberg (m. 2013)
Ne-Yo,"Shaffer Chimere SmithOctober 18, 1979 (age 39)[1]Camden, Arkansas, U.S.",Crystal Renay Williams (m. 2016)
Thomas Ian Nicholas,"July 10, 1980 (age 38)Las Vegas, Nevada, U.S.",Colette Marino (m. 2007)
Stevie Nicks,"Stephanie Lynn NicksMay 26, 1948 (age 70)Phoenix, Arizona, U.S.",Kim Anderson(m. 1983; div. 1983)
Nivea,"Nivea B. HamiltonMarch 24, 1982 (age 36)Atlanta, Georgia, U.S.",The-Dream(m. 2004; div. 2008)
Cheryl Moana Marie Nunes,"May 17, 1971 (age 47)Hillsboro, Oregon, U.S.",Antonio Sabàto Jr.(m. 2012; div. 2016)
Kelli O'Hara,"April 16, 1976 (age 42)Elk City, Oklahoma, U.S.",Greg Naughton (m. 2007)
Paige O'Hara,"Donna Paige HelmintollerMay 10, 1956 (age 62)Fort Lauderdale, Florida, U.S.",Michael Piontek (m. 1995)
America Olivo,"America Athene OlivoJanuary 5, 1978 (age 40)Van Nuys, California, U.S.",Christian Campbell (m. 2009)
Martin O'Malley,"Martin Joseph O'MalleyJanuary 18, 1963 (age 55)Washington, D.C., U.S.",Katie Curran (m. 1990)
Shalim Ortiz,"February 26, 1979 (age 39)San Juan, Puerto Rico",Leslie Ann Machado (m. 2008)
"Sunny Ozell, Lady Stewart","December 23, 1978 (age 40)Reno, Nevada, U.S.",Sir Patrick Stewart (m. 2013)
Brina Palencia,"Brina Michelle PalenciaFebruary 13, 1984 (age 34)[1][2]Oklahoma, U.S.[2]",Paul Wingo[4][5]
Aleksa Palladino,"September 21, 1980 (age 38)New York City, New York, U.S.",Devon Church (m. 2003)
Gwyneth Paltrow,"Gwyneth Kate PaltrowSeptember 27, 1972 (age 46)Los Angeles, California, U.S.",Chris Martin(m. 2003; div. 2016) Brad Falchuk (m. 2018)
Nate Parker,"November 18, 1979 (age 39)Norfolk, Virginia, United States",Sarah DiSanto (m. 2007)
Trey Parker,"Randolph Severn Parker IIIOctober 19, 1969 (age 49)Conifer, Colorado, U.S.",Emma Sugiyama(div. 2008)Boogie Tillmon
Hunter Parrish,"Hunter Parrish TharpMay 13, 1987 (age 31)Richmond, Virginia, U.S.",Kathryn Wahl (m. 2015)
Janel Parrish,"Janel Meilani ParrishOctober 30, 1988 (age 30)Honolulu, Hawaii, U.S.",Chris Long (m. 2018)
Dolly Parton,"Dolly Rebecca PartonJanuary 19, 1946 (age 72)Sevierville, Tennessee, U.S.",Carl Dean (m. 1966)
Steven Pasquale,"November 18, 1976 (age 42)Hershey, Pennsylvania, U.S.",Laura Benanti(m. 2007; div. 2013)Phillipa Soo (m. 2017)
Freda Payne,"Freda Charcilia PayneSeptember 19, 1942 (age 76)Detroit, Michigan, U.S.",Gregory Abbott(m. 1976; div. 1979)
The ReverendCarlton Pearson,"Carlton D'metrius PearsonMarch 19, 1953 (age 65)San Diego, California, US",Gena Marie Gauthier (m. 1993)
Nia Peeples,"Virenia Gwendolyn PeeplesDecember 10, 1961 (age 57)Hollywood, California, U.S.",Guy Ecker(m. 1984; div. 1986)Howard Hewett(m. 1989; div. 1993)Lauro Chartrand(m. 1997; div. 2004)Sam George(m. 2004; div. 2015)
Carlos PenaVega,"Carlos Roberto Pena Jr.August 15, 1989 (age 29)Columbia, Missouri, U.S.[1]",Alexa Vega (m. 2014)
Katy Perry,"Katheryn Elizabeth HudsonOctober 25, 1984 (age 34)Santa Barbara, California, U.S.",Russell Brand(m. 2010; div. 2012)
Tom Petty,"Thomas Earl PettyOctober 20, 1950Gainesville, Florida, U.S.",Jane Benyo(m. 1974; div. 1996)Dana York(m. 2001; his death 2017)
Bijou Phillips,"Bijou Lilly PhillipsApril 1, 1980 (age 38)Greenwich, Connecticut, U.S.",Danny Masterson (m. 2011)
Rain Phoenix,"Rain Joan of ArcNovember 21, 1972 (age 46)Crockett, Texas, U.S.",Michael Tubbs(m. 2003; div. 2008)
Sasha Pieterse-Sheaffer,"February 17, 1996 (age 22)Johannesburg, Gauteng, South Africa",Hudson Sheaffer (m. 2018)
Pink,"Alecia Beth MooreSeptember 8, 1979 (age 39)Doylestown, Pennsylvania, U.S.",Carey Hart (m. 2006)
Jada Pinkett Smith,"Jada Koren PinkettSeptember 18, 1971 (age 47)Baltimore, Maryland, U.S.",Will Smith (m. 1997)
Rachel Platten,"Rachel Ashley PlattenMay 20, 1981 (age 37)New York City, New York, U.S.",Kevin Lazan (m. 2010)
Iggy Pop,"James Newell Osterberg Jr.April 21, 1947 (age 71)Muskegon, Michigan, United States",Wendy Weissberg(m. 1968; annulled 1968)Suchi Asano(m. 1984; div. 1999)Nina Alu (m. 2008)
Alisan Porter,"Alisan Leigh PorterJune 20, 1981 (age 37)Worcester, Massachusetts, U.S.",Brian Autenrieth (m. 2012; div. 2017)
Billy Porter,"September 21, 1969 (age 49)Pittsburgh, Pennsylvania, U.S.",Adam Smith (m. 2017)
Lisa Marie Presley,"February 1, 1968 (age 50)Memphis, Tennessee, U.S.",Danny Keough(m. 1988; div. 1994)Michael Jackson(m. 1994; div. 1996)Nicolas Cage(m. 2002; div. 2004)Michael Lockwood(m. 2006; separated 2016)
Lindsay Price Stone,"Lindsay Jaylyn PriceDecember 6, 1976 (age 42)Arcadia, California, U.S.[1]",Shawn Piller(m. 2004; div. 2007)Curtis Stone (m. 2013)
Prince,"Prince Rogers NelsonJune 7, 1958Minneapolis, Minnesota, U.S.",Mayte Garcia(m. 1996; div. 2000)Manuela Testolini(m. 2001; div. 2006)
Bobby Pulido,"Jose Roberto Pulido Jr.April 25, 1973 (age 45)Edinburg, Texas, U.S.",Eliza Anzaldua(m. 1996; div. 2013)
Rob Quist,"Robert Ernest QuistJanuary 5, 1948 (age 70)Cut Bank, Montana, U.S.",Bonni Willows (m. 1979)
Rome Ramirez,"Roman Rene RamirezJune 11, 1988 (age 30)Fremont, California, United States",Taylor Faye Ramirez Musical career
Della Reese,"Delloreese Patricia EarlyJuly 6, 1931Detroit, Michigan, U.S.",Vermont Taliaferro(m. 1952; div. 1958)Leroy Basil Gray(m. 1959; div. 1961)Mercer Ellington(m. 1961; ann. 1961)Franklin Lett Jr. (m. 1983–2017)
Dana Reeve,"Dana Charles MorosiniMarch 17, 1961Teaneck, New Jersey, U.S.",Christopher Reeve(m. 1992; died 2004)
Rafael Reyes,None,Kat Von D (m. 2018)
Dan Reynolds,"Daniel Coulter ReynoldsJuly 14, 1987 (age 31)Las Vegas, Nevada, U.S.",Aja Volkman (m. 2011)[1]
Jenifer Rice-Genzuk,"Jenifer Sara Rice-Genzuk1978[1]California, United States[1]",Jerome Henry
Ariana Richards,"Ariana Clarice RichardsSeptember 11, 1979 (age 39)Healdsburg, California, U.S.",Mark Aaron Bolton (m. 2013)
Kevin Richardson,"Kevin Scott RichardsonOctober 3, 1971 (age 47)Estill, Kentucky, U.S.",Kristin Willits (m. 2000)
Lisa Rieffel,"January 12, 1975 (age 43)Denville, New Jersey, U.S.",Johnny Dunn
Jenni Rivera,"Dolores Janney Rivera SaavedraJuly 2, 1969Long Beach, California, U.S.",José Trinidad Marín(m. 1984; div. 1992)Juan López(m. 1997; div. 2003)Esteban Loaiza (m. 2010)
Naya Rivera,"Naya Marie RiveraJanuary 12, 1987 (age 31)Santa Clarita, California, U.S.",Ryan Dorsey(m. 2014; div. 2018)
Christy Carlson Romano,"March 20, 1984 (age 34)[a]Milford, Connecticut, U.S.",Brendan Rooney (m. 2013)
Rose Marie,"Rose Marie MazzettaAugust 15, 1923New York City, U.S.",Bobby Guy(m. 1946; his death 1964)
Alyson Leigh Rosenfeld,"March 21, 1987 (age 31)[1]",James Clark (m. 2017)[2]
Gerry Rosenthal,"Gerald Raymond Rosenthal[1]September 2, 1980 (age 38)United States",Megan McGrath (2013-present)[3]
Diana Ross,"Diana Ernestine Earle RossMarch 26, 1944 (age 74)Detroit, Michigan, U.S.","Robert Ellis Silberstein(m. 1971; div. 1977)Arne Næss, Jr.(m. 1986; div. 2000)"
Emmy Rossum,"Emmanuelle Grey RossumSeptember 12, 1986 (age 32)New York City, New York, U.S.",Justin Siegel(m. 2008; div. 2010) Sam Esmail (m. 2017)
Kelly Rowland,"Kelendria Trene RowlandFebruary 11, 1981 (age 37)Atlanta, Georgia, U.S.",Tim Weatherspoon (m. 2014)
Claudio Sanchez,"Claudio Paul Sanchez IIIMarch 12, 1978 (age 40)Suffern, New York, United States[1]",Chondra Echert (m. 2009)
Roselyn Sánchez,"Roselyn Milagros Sánchez RodríguezApril 2, 1973 (age 45)San Juan, Puerto Rico",Gary Stretch(m. 1998; div. 2001) Eric Winter (m. 2008)
Mark Saul,"Mark Adam SaulJune 20, 1985 (age 33)Los Angeles, California, U.S.",Ilana Berger (m. 2012)
Marnie Schulenburg,"Cape Cod, Massachusetts",Zack Robidas
Amanda Seyfried,"Amanda Michelle SeyfriedDecember 3, 1985 (age 33)Allentown, Pennsylvania, U.S.",Thomas Sadoski (m. 2017)
George Beverly Shea,"February 1, 1909Winchester, Ontario, Canada",Erma L. Scharfe(m. 1934; died 1976)Karlene Aceto (m. 1985–2013)
Mike Shinoda,"Michael Kenji ShinodaFebruary 11, 1977 (age 41)Panorama City, California, U.S.",Anna Hillinger (m. 2003)
Drew Sidora,"Drew Sidora JordanMay 1, 1985 (age 33)Chicago, Illinois, U.S.",Ralph Pittman (2014–present)
Jamie-Lynn Sigler,"May 15, 1981 (age 37)Jericho, New York, U.S.",A. J. DiScala(m. 2003; div. 2006)Cutter Dykstra (m. 2016)
Carly Simon,"Carly Elisabeth SimonJune 25, 1945 (age 73)The Bronx, New York City, New York, U.S.",James Taylor(m. 1972; div. 1983)James Hart(m. 1987; div. 2007)
Ashlee Simpson,"Ashley Nicolle Simpson[1][2]October 3, 1984 (age 34)Waco, Texas, U.S.",Pete Wentz(m. 2008; div. 2011)Evan Ross (m. 2014)
Jessica Simpson,"Jessica Ann SimpsonJuly 10, 1980 (age 38)Abilene, Texas, U.S.",Nick Lachey(m. 2002; div. 2006)Eric Johnson (m. 2014)
Jenny Slate,"Jenny Sarah SlateMarch 25, 1982 (age 36)Milton, Massachusetts, U.S.",Dean Fleischer-Camp(m. 2012; sep. 2016)[1]
Allison Smith,"December 9, 1969 (age 49)Manhattan, New York, U.S.",Randall Grimmett (m. 2001)
Will Smith,"Willard Carroll Smith Jr.September 25, 1968 (age 50)[1]Philadelphia, Pennsylvania, U.S.",Sheree Zampino(m. 1992; div. 1995)Jada Pinkett (m. 1997)
Phillipa Soo,"May 31, 1990 (age 28)[1]Libertyville, Illinois, U.S.",Steven Pasquale (m. 2017)
Amy Spanger,"August 24, 1971 (age 47)Newbury, Massachusetts, U.S.",Michael C. Hall(m. 2002; div. 2007)Brian Shepard (m. 2011)
Britney Spears,"Britney Jean SpearsDecember 2, 1981 (age 37)McComb, Mississippi, U.S.",Jason Allen Alexander(m. 2004; ann. 2004) Kevin Federline(m. 2004; div. 2007)
Jamie Lynn Spears,"Jamie Lynn Marie Spears[1]April 4, 1991 (age 27)[2]McComb, Mississippi, U.S.",Jamie Watson (m. 2014)
Bruce Springsteen,"Bruce Frederick Joseph SpringsteenSeptember 23, 1949 (age 69)Long Branch, New Jersey, U.S.",Julianne Phillips(m. 1985; div. 1989)Patti Scialfa (m. 1991)
Gwen Stefani,"Gwen Renée StefaniOctober 3, 1969 (age 49)[1]Fullerton, California, US",Gavin Rossdale(m. 2002; div. 2016)
Stevie J,"Steven Aaron JordanNovember 2, 1971 (age 47)Buffalo, New York, U.S.",Faith Evans (m. 2018)
Courtney Stodden,"Courtney Alexis StoddenAugust 29, 1994 (age 24)Tacoma, Washington, U.S.",Doug Hutchison(m. 2011; div. 2018)
Matt Stone,"Matthew Richard StoneMay 26, 1971 (age 47)Houston, Texas, U.S.",Angela Howard (m. 2008)
Steven Strait,"March 23, 1986 (age 32)New York City, New York, U.S.",Lynn Collins (2007-2013)
Barbra Streisand,"Barbara Joan StreisandApril 24, 1942 (age 76)New York City, U.S.",Elliott Gould(m. 1963; div. 1971)James Brolin (m. 1998)
Patrick Stump,"Patrick Martin StumphApril 27, 1984 (age 34)Evanston, Illinois, U.S.",Elisa Yao (m. 2012)
Amanda Sudano,"Amanda Grace SudanoAugust 11, 1982 (age 36)Los Angeles, California, U.S.",Abner Ramirez
Brooklyn Sudano,"January 5, 1981 (age 37)Los Angeles, California, U.S.",Mike McGlafin (m. 2006)
Nedra Talley,"January 27, 1946 (age 72)",Scott Ross (m. 1967)
Katelyn Tarver,"November 2, 1989 (age 29)Glennville, Georgia, U.S.",David Blaise (m. 2014)
James Taylor,"James Vernon TaylorMarch 12, 1948 (age 70)Boston, Massachusetts, U.S.","Carly Simon(m. 1972; div. 1983)Kathryn Walker(m. 1985; div. 1995)Caroline ""Kim"" Smedvig (m. 2001)"
Thalía,"Ariadna Thalía Sodi Miranda26 August 1971 (age 47)Mexico City, Mexico",Tommy Mottola (m. 2000)
Robin Thicke,"Robin Charles ThickeMarch 10, 1977 (age 41)Los Angeles, California, U.S.",Paula Patton(m. 2005; div. 2015)
Billy Bob Thornton,"William Robert ThorntonAugust 4, 1955 (age 63)Hot Springs, Arkansas, U.S.",Melissa Lee Gatlin(m. 1978; div. 1980)Toni Lawrence(m. 1986; div. 1988)Cynda Williams(m. 1990; div. 1992)Pietra Dawn Cherniak(m. 1993; div. 1997)Angelina Jolie(m. 2000; div. 2003)Connie Angland (m. 2014)
Tiffany Thornton,"Tiffany Dawn ThorntonFebruary 14, 1986 (age 32)College Station, Texas, U.S.",Chris Carney(m. 2011; his death 2015)Josiah Capaci (m. 2017)
Justin Timberlake,"Justin Randall TimberlakeJanuary 31, 1981 (age 37)Memphis, Tennessee, U.S.",Jessica Biel (m. 2012)
Ashley Tisdale,"Ashley Michelle TisdaleJuly 2, 1985 (age 33)Monmouth County, New Jersey, U.S.",Christopher French (m. 2014)
Erin Torpey,"Erin Catherine TorpeyFebruary 14, 1981 (age 37)Doylestown, Pennsylvania, U.S.",Hamilton Von Watts (m. 2009)
Meghan Trainor,"Meghan Elizabeth TrainorDecember 22, 1993 (age 25)Nantucket, Massachusetts, U.S.",Daryl Sabara (m. 2018)
Sam Tsui,"Samuel TsuiMay 2, 1989 (age 29)[1]Blue Bell, Pennsylvania",Casey Breves (m. 2016)
Tina Turner,"Anna Mae BullockNovember 26, 1939 (age 79)Nutbush, Tennessee, U.S.",Ike Turner(m. 1962; div. 1978)Erwin Bach (m. 2013)
Steven Tyler,"Steven Victor TallaricoMarch 26, 1948 (age 70)Manhattan, New York, U.S.",Cyrinda Foxe(m. 1978; div. 1987)Teresa Barrick(m. 1988; div. 2006)
Brendon Urie,"Brendon Boyd UrieApril 12, 1987 (age 31)St. George, Utah, U.S.",Sarah Orzechowski (m. 2013)
Utada Hikaru,"Hikaru Utada (宇多田 光)January 19, 1983 (age 35)New York City, New York, United States",Kazuaki Kiriya (m. 2002–2007)Francesco Calianno (m. 2014–2018)
Angélica Vale,"Angélica María Vale HartmanNovember 11, 1975 (age 43)Mexico City, Mexico",Otto Padrón (2011–present)
"Vallely performing a head-high frontside air at a demo at Doc*36 Skatepark in Jackson, Mississippi.","June 29, 1970 (age 48)Edison, New Jersey, United States",Ann Vallely (m. 1992)
Dick Van Dyke,"Richard Wayne Van DykeDecember 13, 1925 (age 93)West Plains, Missouri, U.S.",Margie Willett(m. 1948; div. 1984)Arlene Silver (m. 2012)
Countess Vaughn,"Countess Danielle VaughnAugust 8, 1978 (age 40)Idabel, Oklahoma, U.S.",Joseph James(m. 2002; div. 2005)
Alexa Vega,"August 27, 1988 (age 30)Miami, Florida, U.S.",Sean Covel(m. 2010; div. 2012) Carlos Pena Jr. (m. 2014)
Joy Villa,"Joy Angela VillaApril 25, 1986 (age 32)Orange, California, U.S.",Thorsten Overgaard (m. 2016)
Seven Volpone,"Keith VolponeMarch 4, 1972 (age 46)Bronx, New York, U.S.",Yusan Debra Chen (m. 2014)
Jenna von Oÿ,"Jennifer Jean von OÿMay 2, 1977 (age 41)Danbury, Connecticut, U.S.",Brad Bratcher (m. 2010)
Donnie Wahlberg,"Donald Edmond Wahlberg Jr.August 17, 1969 (age 49)Boston, Massachusetts, U.S.",Kim Fey (m. 1999–2008)Jenny McCarthy (m. 2014)
Rufus Wainwright,"Rufus McGarrigle WainwrightJuly 22, 1973 (age 45)Rhinebeck, New York, U.S.",Jörn Weisbrodt (m. 2012)
Hynden Walch,"Heidi Hynden WalchFebruary 1, 1971 (age 47)Davenport, Iowa, U.S.",Sean McDermott (m. 1999)
Wang Leehom,"Alexander[1] Leehom WangMay 17, 1976 (age 42)Rochester, New York, U.S.",Lee Jinglei (m. 2013)
B. J. Ward,"Betty Jean WardSeptember 16, 1944 (age 74)Wilmington, Delaware, U.S.",Donald Trenner (m. 1960s; div. 19??)Gordon Hunt(m. 1995; died 2016)
Dionne Warwick,"Marie Dionne WarrickDecember 12, 1940 (age 78)Orange, New Jersey, U.S.",William Elliott(m. 1966; div. 1967)(m. 1967; div. 1975)
Gerard Way,"April 9, 1977 (age 41)Summit, New Jersey, U.S.",Lindsey Way (m. 2007)
Pete Wentz,"Peter Lewis Kingston Wentz IIIJune 5, 1979 (age 39)Wilmette, Illinois, U.S.",Ashlee Simpson(m. 2008; div. 2011)
Barbara Werle,"Barbara May Theresa WerleOctober 6, 1928Mount Vernon, New York U.S.",John Branca Sr.
Kanye West,"Kanye Omari WestJune 8, 1977 (age 41)Atlanta, Georgia, U.S.",Kim Kardashian (m. 2014)
Nathan West,"Nathan Luke WestSeptember 29, 1978 (age 40)Anchorage, Alaska, U.S.",Chyler Leigh (m. 2002)
Jed Whedon,"Jed Tucker WhedonJuly 18, 1974 (age 44)United States",Maurissa Tancharoen (m. 2009)
Jack White,"John Anthony GillisJuly 9, 1975 (age 43)[1]Detroit, Michigan, U.S.",Meg White (m. 1996–2000)Karen Elson (m. 2005–2013)
Persia White,"October 25, 1972 (age 46)[1]Miami, Florida, U.S.",Saul Williams(m. 2008; div. 2009)Joseph Morgan (m. 2014)
Allison Williams,"Allison Howell Williams[1]April 13, 1988 (age 30)New Canaan, Connecticut, U.S.",Ricky Van Veen (m. 2015)
Hayley Williams,"Hayley Nichole WilliamsDecember 27, 1988 (age 30)Meridian, Mississippi, U.S.",Chad Gilbert(m. 2016; separated 2017)
Joy Williams,"Joy Elizabeth WilliamsNovember 14, 1982 (age 36)West Branch, Michigan, U.S.",Nate Yetton (m. 2004)
Pharrell Williams,"Pharrell Lanscilo Williams[1]April 5, 1973 (age 45)Virginia Beach, Virginia, U.S.",Helen Lasichanh (m. 2013)
Vanessa Williams,"Vanessa Lynn WilliamsMarch 18, 1963 (age 55)The Bronx, New York, U.S.",Ramon Hervey II(m. 1987; div. 1997) Rick Fox(m. 1999; div. 2004) Jim Skrip (m. 2015)
Bridgette Wilson,"Bridgette Leann WilsonSeptember 25, 1973 (age 45)Gold Beach, Oregon, United States",Pete Sampras (m. 2000)
Nancy Wilson,"Nancy Sue WilsonFebruary 20, 1937Chillicothe, Ohio, U.S.",Kenny Dennis(m. 1960; div. 1970)Wiley Burton(m. 1974; died 2008)
Wisin,"Juan Luis Morera LunaDecember 19, 1978 (age 40)Cayey, Puerto Rico",Yomaira Ortiz (m. 2008)
Stephanie Wittels,"Stephanie Rose Wittels[1]February 20, 1981 (age 37)[2]Houston, Texas, US",Mike Wachs
Stevie Wonder,"Stevland Hardaway JudkinsMay 13, 1950 (age 68)Saginaw, Michigan, U.S.",Syreeta Wright(m. 1970; div. 1972)Kai Millard(m. 2001; div. 2012)Tomeeka Bracy (m. 2017)
Marc Worden,"David Marc WordenJune 5, 1976 (age 42)Toronto, Ontario, Canada",Mari
Vanness Wu,"7 August 1978 (age 40)Santa Monica, California, United States",Arissa Cheo(m. 2013; div. 2018)
Kimberly Wyatt,"Kimberly Kaye WyattFebruary 4, 1982 (age 36)Warrensburg, Missouri, U.S.",Max Rogers (m. 2014)
Yoon Mi-rae,"May 31, 1981 (age 37)Fort Hood, Texas, United States",Tiger JK (m. 2007)
Tina Yothers,"Kristina Louise YothersMay 5, 1973 (age 45)Whittier, California, USA",Robert Kaiser (m. 2002)
Stephanie Young,None,David Lee Brehm[2][3]
Kim Zolciak-Biermann,"Kimberleigh Marie ZolciakMay 19, 1978 (age 40)Pensacola, Florida, U.S.",Daniel Toce (m. 2001–2003) Kroy Biermann (m. 2011)
